Item,Model,FA_Number
Headset,HS TRBO,A4579
Headset,HS TRBO,A4584
Headset,HS TRBO,A4653
Headset,HS TRBO,A4588
Headset,HS TRBO,A4667
Headset,HS TRBO,A5142
Headset,HS TRBO,A5092
Headset,HS TRBO,A4589
Headset,HS TRBO,A4643
Headset,HS TRBO,A4618
Headset,HS TRBO,A4878
Headset,HS TRBO,A4885
Headset,HS TRBO,A4616
Headset,HS TRBO,A0104
Headset,HS TRBO,A4666
Headset,HS TRBO,A4907
Headset,HS TRBO,A4038
Headset,HS TRBO,A0002
Headset,HS TRBO,A4904
Headset,HS TRBO,A4888
Headset,HS TRBO,A4637
Headset,HS TRBO,A4632
Headset,HS TRBO,A3734
Headset,HS TRBO,A4603
Headset,HS TRBO,A4596
Headset,HS TRBO,A4908
Headset,HS TRBO,A4601
Headset,HS TRBO,A4062
Headset,HS TRBO,A4906
Headset,HS TRBO,A4341
Headset,HS TRBO,A4645
Headset,HS TRBO,"A4580
"
Headset,HS TRBO,A4573
Headset,HS TRBO,A4577
Headset,HS TRBO,A4664
Headset,HS TRBO,A5174
Headset,HS TRBO,A5173
Headset,HS TRBO,A5175
Headset,HS TRBO,A4891
Headset,HS TRBO,A4015
Headset,HS TRBO,A4020
Headset,HS TRBO,A4902
Headset,HS TRBO,A5156
Headset,HS TRBO,"A4619
"
Headset,HS TRBO,A4318
Headset,HS TRBO,A4040
Headset,HS TRBO,A4651
Headset,HS TRBO,A5095
Headset,HS TRBO,A4631
Headset,HS TRBO,A4663
Headset,HS TRBO,A4050
Headset,HS TRBO,A5129
Headset,HS TRBO,A4869
Headset,HS TRBO,A0020
Headset,HS TRBO,A4640
Headset,HS TRBO,A2298
Headset,HS TRBO,A2050
Headset,HS TRBO,A4607
Headset,HS TRBO,A4890
Headset,HS TRBO,A4025
Headset,HS TRBO,A4297
Headset,HS TRBO,A4892
Headset,HS TRBO,A2293
Headset,HS TRBO,A4877
Headset,HS TRBO,A4043
Headset,HS TRBO,A4222
Headset,HS TRBO,A4045
Headset,HS TRBO,A4006
Headset,HS TRBO,A4879
Headset,HS TRBO,A0018
Headset,HS TRBO,A5157
Headset,HS TRBO,A4881
Headset,HS TRBO,A0064
Headset,HS TRBO,A4883
Headset,HS TRBO,A4063
Headset,HS TRBO,A4875
Headset,HS TRBO,A0096
Headset,HS TRBO,A5155
Headset,HS TRBO,A4026
Headset,HS TRBO,A4898
Headset,HS TRBO,A3730
Headset,HS TRBO,A2286
Headset,HS TRBO,A5179
Headset,HS TRBO,A4592
Headset,HS TRBO,A4036
Headset,HS TRBO,A4022
Headset,HS TRBO,A4028
Headset,HS TRBO,A4860
Headset,HS TRBO,A4895
Headset,HS TRBO,A4894
Headset,HS TRBO,A4876
Headset,HS TRBO,A4897
Headset,HS TRBO,A5154
Headset,HS TRBO,A5192
Headset,HS TRBO,A3998
Headset,HS TRBO,"A4064
"
Headset,HS TRBO,A4018
Headset,HS TRBO,A4615
Headset,HS TRBO,A4595
Headset,HS TRBO,A4622
Surveillance Kit,SK TRBO 1-Wire,A4992
Surveillance Kit,SK TRBO 1-Wire,A4995
Surveillance Kit,SK TRBO 1-Wire,A2106
Surveillance Kit,SK TRBO 1-Wire,A4979
Surveillance Kit,SK TRBO 1-Wire,A5020
Surveillance Kit,SK TRBO 1-Wire,A2072
Surveillance Kit,SK TRBO 1-Wire,A4996
Surveillance Kit,SK TRBO 1-Wire,A3758
Surveillance Kit,SK TRBO 1-Wire,Z0056
Surveillance Kit,SK TRBO 1-Wire,A5062
Surveillance Kit,SK TRBO 1-Wire,A4686
Surveillance Kit,SK TRBO 1-Wire,A4097
Surveillance Kit,SK TRBO 1-Wire,A4715
Surveillance Kit,SK TRBO 1-Wire,A5051
Surveillance Kit,SK TRBO 1-Wire,"A4366
"
Surveillance Kit,SK TRBO 1-Wire,A5042
Surveillance Kit,SK TRBO 1-Wire,A4974
Surveillance Kit,SK TRBO 1-Wire,A5060
Surveillance Kit,SK TRBO 1-Wire,A5004
Surveillance Kit,SK TRBO 1-Wire,A2151
Surveillance Kit,SK TRBO 1-Wire,A1947
Surveillance Kit,SK TRBO 1-Wire,A0384
Surveillance Kit,SK TRBO 1-Wire,A4206
Surveillance Kit,SK TRBO 1-Wire,A4960
Surveillance Kit,SK TRBO 1-Wire,A5061
Surveillance Kit,SK TRBO 1-Wire,A4092
Surveillance Kit,SK TRBO 1-Wire,A4977
Surveillance Kit,SK TRBO 1-Wire,A5049
Surveillance Kit,SK TRBO 1-Wire,A1977
Surveillance Kit,SK TRBO 1-Wire,"A5343
"
Surveillance Kit,SK TRBO 1-Wire,"A1275
"
Surveillance Kit,SK TRBO 1-Wire,A4075
Surveillance Kit,SK TRBO 1-Wire,A3671
Surveillance Kit,SK TRBO 1-Wire,A2222
Surveillance Kit,SK TRBO 1-Wire,A2179
Surveillance Kit,SK TRBO 1-Wire,A5052
Surveillance Kit,SK TRBO 1-Wire,"A5434
"
Surveillance Kit,SK TRBO 1-Wire,"a0864
"
Surveillance Kit,SK TRBO 1-Wire,A4709
Surveillance Kit,SK TRBO 1-Wire,"A5349
"
Surveillance Kit,SK TRBO 1-Wire,A5003
Surveillance Kit,SK TRBO 1-Wire,"A0335
"
Surveillance Kit,SK TRBO 1-Wire,A5026
Surveillance Kit,SK TRBO 1-Wire,A0428
Surveillance Kit,SK TRBO 1-Wire,A4270
Surveillance Kit,SK TRBO 1-Wire,A0857
Surveillance Kit,SK TRBO D-Ring,A4805
Surveillance Kit,SK TRBO 1-Wire,A4792
Surveillance Kit,SK TRBO 1-Wire,A4825
Surveillance Kit,SK TRBO 1-Wire,A4808
Surveillance Kit,SK TRBO 1-Wire,A0975
Surveillance Kit,SK TRBO 1-Wire,A0958
Surveillance Kit,SK TRBO 1-Wire,A1949
Surveillance Kit,SK TRBO 1-Wire,A5071
Surveillance Kit,SK TRBO 1-Wire,A2073
Surveillance Kit,SK TRBO 1-Wire,A4822
Surveillance Kit,SK TRBO 1-Wire,A1019
Surveillance Kit,SK TRBO D-Ring,A4089
Surveillance Kit,SK TRBO 1-Wire,A1012
Surveillance Kit,SK TRBO 1-Wire,A4824
Surveillance Kit,SK TRBO 1-Wire,"A4168
"
Surveillance Kit,SK TRBO 1-Wire,"A5048
"
Surveillance Kit,SK TRBO 1-Wire,A4714
Surveillance Kit,SK TRBO 1-Wire,A4687
Surveillance Kit,SK TRBO 1-Wire,"A5012
"
Surveillance Kit,SK TRBO 1-Wire,A4982
Surveillance Kit,SK TRBO 1-Wire,A2113
Surveillance Kit,SK TRBO 1-Wire,A0822
Surveillance Kit,SK TRBO 1-Wire,A5033
Surveillance Kit,SK TRBO 1-Wire,A5069
Surveillance Kit,SK TRBO 1-Wire,Z0168
Surveillance Kit,SK TRBO 1-Wire,A3538
Surveillance Kit,SK TRBO 1-Wire,"A1991

"
Surveillance Kit,SK TRBO 1-Wire,A4750
Surveillance Kit,SK TRBO 1-Wire,A4773
Surveillance Kit,SK TRBO 1-Wire,A4971
Surveillance Kit,SK TRBO 1-Wire,A1145
Surveillance Kit,SK TRBO 1-Wire,A4990
Surveillance Kit,SK TRBO 1-Wire,A4983
Surveillance Kit,SK TRBO 1-Wire,Z0156
Surveillance Kit,SK TRBO 1-Wire,"A4697
"
Surveillance Kit,SK TRBO 1-Wire,A5043
Headset,HS TRBO DBL Muff,"A3451
"
Headset,HS TRBO DBL Muff,A3455
Surveillance Kit,SK TRBO 1-Wire,A1093
Surveillance Kit,SK TRBO 1-Wire,A4942
Surveillance Kit,SK TRBO 1-Wire,A4759
Surveillance Kit,SK TRBO 1-Wire,A4952
Headset,HS TRBO,A5103
Headset,HS TRBO,A5099
Headset,HS TRBO,A5097
Headset,HS TRBO,A5098
Headset,HS TRBO,A5101
Headset,HS TRBO,A0121
Headset,HS TRBO,A2046
Headset,HS TRBO,A0114
Headset,HS TRBO,A4572
Headset,HS TRBO,A4665
Headset,HS TRBO,A0026
Headset,HS TRBO,A5106
Headset,HS TRBO,A5107
Headset,HS TRBO,A5104
Headset,HS TRBO,A5102
Headset,HS TRBO,A5191
Headset,HS TRBO,A5197
Speaker Mic,SM TRBO,A1680
Digital Radio,XPR5550e,R6934
Digital Radio,XPR5550e,R6925
Digital Radio,XPR5550e,R6919
Digital Radio,XPR5550e,R6928
Digital Radio,XPR7550,"R1950
"
Digital Radio,XPR7550,R1656
Digital Radio,XPR7550,R1797
Repeater,SLR5700,Z0984
Repeater,SLR5700,Z0964
Repeater,EVX-R70,Z1020
Digital Radio,XPR7550,"R6573
"
Digital Radio,XPR7550,R0331
Digital Radio,XPR7550,R1993
Digital Radio,XPR7550,R0160
Digital Radio,XPR7550,R0033
Digital Radio,XPR7550,R1955
Digital Radio,XPR7550,R2902
Digital Radio,XPR7550,R1813
Digital Radio,XPR7550,R2038
Digital Radio,XPR7550,r1965
Digital Radio,XPR7550,R0306
Digital Radio,XPR7550,R2063
Digital Radio,XPR7550,R2002
Digital Radio,XPR7550,R1637
Digital Radio,XPR7550,R2666
Digital Radio,XPR7550,R0106
Digital Radio,XPR7550,R2249
Digital Radio,XPR7550,R2042
Digital Radio,XPR7550,R0271
Digital Radio,XPR7550,R1822
Digital Radio,XPR7550,R1776
Digital Radio,XPR7550,R2564
Digital Radio,XPR7550,R2174
Digital Radio,XPR7550,R2274
Digital Radio,XPR7550,R3737
Digital Radio,XPR7550,R1665
Digital Radio,XPR7550,R0798
Digital Radio,XPR7550,R1668
Digital Radio,XPR7550,R0495
Digital Radio,XPR7550,R2830
Digital Radio,XPR7550,"R3749
"
Digital Radio,XPR7550,R0416
Digital Radio,XPR7550,R0169
Digital Radio,XPR7550,R1999
Digital Radio,XPR7550,R1745
Digital Radio,XPR7550,R0746
Digital Radio,XPR7550,R1886
Digital Radio,XPR7550,R1514
Digital Radio,XPR7550,R1859
Digital Radio,XPR7550,"R7002
"
Digital Radio,XPR7550,R2876
Digital Radio,XPR7550,R2208
Digital Radio,XPR7550,R0647
Digital Radio,XPR7550,R0460
Digital Radio,XPR7550,R0231
Digital Radio,XPR7550,R2068
Digital Radio,XPR7550,R0760
Digital Radio,XPR7550,R0177
Digital Radio,XPR7550,R0325
Digital Radio,XPR7550,R2243
Digital Radio,XPR7550,R0011
Digital Radio,XPR7550,R1760
Digital Radio,XPR7550,R1337
Digital Radio,XPR7550,R0499
Digital Radio,XPR7550,R2268
Digital Radio,XPR7550,R0384
Digital Radio,XPR7550,R2258
Digital Radio,XPR7550,R1519
Digital Radio,XPR7550,R1873
Digital Radio,XPR7550,R1622
Digital Radio,XPR7550,R2888
Digital Radio,XPR7550,R0438
Digital Radio,XPR7550,R0045
Digital Radio,XPR7550,R1969
Digital Radio,XPR7550,R2037
Digital Radio,XPR7550,R1762
Digital Radio,XPR7550,R1885
Digital Radio,XPR7550,R0448
Digital Radio,XPR7550,R0471
Digital Radio,XPR7550,R0533
Digital Radio,XPR7550,R0190
Digital Radio,XPR7550,R1636
Digital Radio,XPR7550,R1473
Digital Radio,XPR7550,R0744
Digital Radio,XPR7550,R2814
Digital Radio,XPR7550,R1423
Digital Radio,XPR7550,R0304
Digital Radio,XPR7550,r0665
Digital Radio,XPR7550,R1333
Digital Radio,XPR7550,R1923
Digital Radio,XPR7550,R1940
Digital Radio,XPR7550,R1606
Digital Radio,XPR7550,R0729
Digital Radio,XPR7550,R2244
Digital Radio,XPR7550,R2892
Digital Radio,XPR7550,R0747
Digital Radio,XPR7550,R1483
Digital Radio,XPR7550,R1382
Digital Radio,XPR7550,R2119
Digital Radio,XPR7550,R0061
Digital Radio,XPR7550,R1830
Digital Radio,XPR7550,R1691
Digital Radio,XPR7550,R1447
Digital Radio,XPR7550,R0244
Digital Radio,XPR7550,R1469
Digital Radio,XPR7550,R2103
Digital Radio,XPR7550,R1386
Digital Radio,XPR7550,R0023
Digital Radio,XPR7550e,R3345
Digital Radio,XPR7550e,R6313
Digital Radio,XPR7550e,R2338
Digital Radio,XPR7550e,R3279
Digital Radio,XPR7550e,R3883
Digital Radio,XPR7550e,R6702
Digital Radio,XPR7550e,R6735
Digital Radio,XPR7550e,R6784
Digital Radio,XPR7550e,R3880
Digital Radio,XPR7550e,R6793
Digital Radio,XPR7550e,R3817
Digital Radio,XPR7550e,R6305
Digital Radio,XPR7550e,R3573
Digital Radio,XPR7550e,R3786
Digital Radio,XPR7550e,R6800
Digital Radio,XPR7550e,R6804
Digital Radio,XPR7550e,R6783
Digital Radio,XPR7550e,R3354
Digital Radio,XPR7550e,R3435
Digital Radio,XPR7550e,R6741
Digital Radio,XPR7550e,R6725
Digital Radio,XPR7550e,R6831
Digital Radio,XPR7550e,R6322
Digital Radio,XPR7550e,R3813
Digital Radio,XPR7550e,R3783
Digital Radio,XPR7550e,R2465
Digital Radio,XPR7550e,R6352
Digital Radio,XPR7550e,R6455
Digital Radio,XPR7550e,R3512
Digital Radio,XPR7550e,R6777
Digital Radio,XPR7550e,R3787
Digital Radio,XPR7550e,R6298
Digital Radio,XPR7550e,R3204
Digital Radio,XPR7550e,R3614
Digital Radio,XPR7550e,R6715
Digital Radio,XPR7550e,R3828
Digital Radio,XPR7550e,R3912
Digital Radio,XPR7550e,R3987
Digital Radio,XPR7550e,R6781
Digital Radio,XPR7550e,R6410
Digital Radio,XPR7550e,R6737
Digital Radio,XPR7550e,R3873
Digital Radio,XPR7550e,R6271
Digital Radio,XPR7550e,R6326
Digital Radio,XPR7550e,R3420
Digital Radio,XPR7550e,R6886
Digital Radio,XPR7550e,R6769
Digital Radio,XPR7550e,R3848
Digital Radio,XPR7550e,R3177
Digital Radio,XPR7550e,R6861
Digital Radio,XPR7550e,R6713
Digital Radio,XPR7550e,R3548
Digital Radio,XPR7550e,R3160
Digital Radio,XPR7550e,R3819
Digital Radio,XPR7550e,"R6579
"
Digital Radio,XPR7550e,R6854
Digital Radio,XPR7550e,R6363
Digital Radio,XPR7550e,R6723
Digital Radio,XPR7550e,R3862
Digital Radio,XPR7550e,R6812
Digital Radio,XPR7550e,R3989
Digital Radio,XPR7550e,R6338
Digital Radio,XPR7550e,R6790
Digital Radio,XPR7550e,R6836
Digital Radio,XPR7550e,R6716
Digital Radio,XPR7550e,R6815
Digital Radio,XPR7550e,R3983
Digital Radio,XPR7550e,R3407
Digital Radio,XPR7550e,R3830
Digital Radio,XPR7550e,R3294
Digital Radio,XPR7550e,R3913
Digital Radio,XPR7550e,R6374
Digital Radio,XPR7550e,R6782
Digital Radio,XPR7550e,R3207
Digital Radio,XPR7550e,R6843
Digital Radio,XPR7550e,R6890
Digital Radio,XPR7550e,R6767
Digital Radio,XPR7550e,R3791
Digital Radio,XPR7550e,R3933
Digital Radio,XPR7550e,R3470
Digital Radio,XPR7550e,R6847
Digital Radio,XPR7550e,"R6957
"
Digital Radio,XPR7550e,R3772
Digital Radio,XPR7550e,R6888
Digital Radio,XPR7550e,R6866
Digital Radio,XPR7550e,R6850
Digital Radio,XPR7550e,R3778
Digital Radio,XPR7550e,R6752
Digital Radio,XPR7550e,R6834
Digital Radio,XPR7550e,R3158
Digital Radio,XPR7550e,R6747
Digital Radio,XPR7550e,R6885
Digital Radio,XPR7550e,R6696
Digital Radio,XPR7550e,R6739
Digital Radio,XPR7550e,R2682
Digital Radio,XPR7550e,R6730
Digital Radio,XPR7550e,R6718
Digital Radio,XPR7550e,R3750
Digital Radio,XPR7550e,R6332
Digital Radio,XPR7550e,R6744
Digital Radio,XPR7550e,R3829
Digital Radio,XPR7550e,R3161
Charger,CH TRBO 12-Bank,C0737
Charger,CH TRBO 12-Bank,C0769
Charger,CH TRBO 12-Bank,C0763
Charger,CH TRBO 12-Bank,C0736
Charger,CH TRBO 12-Bank,C0753
Charger,CH TRBO 6-Bank,C0622