Item,Model,Product and Quantity Calc,Serial_Number,FA_Number,Status
Charger,CH TRBO 6-Bank,,,C2551,Scanned Out
Charger,CH TRBO 6-Bank,,,C2552,Scanned Out
Charger,CH TRBO 6-Bank,,,C2553,Scanned Out
Charger,CH TRBO 6-Bank,,,C2554,Scanned Out
Charger,CH TRBO 6-Bank,,,C2555,Scanned Out
Charger,CH TRBO 6-Bank,,,C2556,Scanned Out
Charger,CH TRBO 6-Bank,,,C2557,Scanned Out
Charger,CH TRBO 6-Bank,,,C2558,Scanned Out
Charger,CH TRBO 6-Bank,,,C2559,Scanned Out
Charger,CH TRBO 6-Bank,,,C2560,Scanned Out
Charger,CH TRBO 6-Bank,,,C2550,Scanned Out
Charger,CH TRBO 6-Bank,,,C2549,Scanned Out
Headset,HS TRBO,,,A2939,Scanned Out
Headset,HS TRBO,,,A2805,Scanned Out
Headset,HS TRBO,,,A6145,Scanned Out
Headset,HS TRBO,,,A2858,Scanned Out
Headset,HS TRBO,,,A5134,Scanned Out
Headset,HS TRBO,,,A5104,Scanned Out
Headset,HS TRBO,,,A5212,Scanned Out
Headset,HS TRBO,,,A5211,Scanned Out
Headset,HS TRBO,,,A19102,Scanned Out
Headset,HS TRBO,,,A4029,Scanned Out
Headset,HS TRBO,,,A19103,Scanned Out
Headset,HS TRBO,,,A19099,Scanned Out
Headset,HS TRBO,,,A19101,Scanned Out
Headset,HS TRBO,,,A19100,Scanned Out
Headset,HS TRBO,,,A19095,Scanned Out
Headset,HS TRBO,,,A19098,Scanned Out
Headset,HS TRBO,,,A19096,Scanned Out
Headset,HS TRBO,,,A19094,Scanned Out
Headset,HS TRBO,,,A19097,Scanned Out
Headset,HS TRBO,,,A19112,Scanned Out
Headset,HS TRBO,,,A19105,Scanned Out
Headset,HS TRBO,,,A19113,Scanned Out
Headset,HS TRBO,,,A19104,Scanned Out
Headset,HS TRBO,,,A19106,Scanned Out
Headset,HS TRBO,,,A19107,Scanned Out
Headset,HS TRBO,,,A19108,Scanned Out
Headset,HS TRBO,,,A19109,Scanned Out
Headset,HS TRBO,,,A19111,Scanned Out
Headset,HS TRBO,,,A19110,Scanned Out
Headset,HS TRBO,,,A19114,Scanned Out
Headset,HS TRBO,,,A19118,Scanned Out
Headset,HS TRBO,,,A19115,Scanned Out
Headset,HS TRBO,,,A19117,Scanned Out
Headset,HS TRBO,,,A19116,Scanned Out
Headset,HS TRBO,,,A4615,Scanned Out
Headset,HS TRBO,,,A7784,Scanned Out
Headset,HS TRBO,,,A4069,Scanned Out
Headset,HS TRBO,,,A7806,Scanned Out
Headset,HS TRBO,,,A7790,Scanned Out
Headset,HS TRBO,,,A4635,Scanned Out
Headset,HS TRBO,,,A4592,Scanned Out
Headset,HS TRBO,,,A4584,Scanned Out
Headset,HS TRBO,,,A18669,Scanned Out
Headset,HS TRBO,,,A18672,Scanned Out
Headset,HS TRBO,,,A18664,Scanned Out
Headset,HS TRBO,,,A18682,Scanned Out
Headset,HS TRBO,,,A18687,Scanned Out
Headset,HS TRBO,,,A18673,Scanned Out
Headset,HS TRBO,,,A18666,Scanned Out
Headset,HS TRBO,,,A18686,Scanned Out
Headset,HS TRBO,,,A18678,Scanned Out
Headset,HS TRBO,,,A18683,Scanned Out
Headset,HS TRBO,,,A18256,Scanned Out
Surveillance Kit,SK TRBO 1-Wire,,,A17314,Scanned Out
Surveillance Kit,SK TRBO 1-Wire,,,A18700,Scanned Out
Surveillance Kit,SK TRBO 1-Wire,,,A17214,Scanned Out
Surveillance Kit,SK TRBO 1-Wire,,,A7593,Scanned Out
Surveillance Kit,SK TRBO 1-Wire,,,A17203,Scanned Out
Surveillance Kit,SK TRBO 1-Wire,,,A17261,Scanned Out
Surveillance Kit,SK TRBO 1-Wire,,,A18696,Scanned Out
Surveillance Kit,SK TRBO 1-Wire,,,A18715,Scanned Out
Surveillance Kit,SK TRBO 1-Wire,,,R7517,Scanned Out
Surveillance Kit,SK TRBO 1-Wire,,,A12111,Scanned Out
Surveillance Kit,SK TRBO 1-Wire,,,A16742,Scanned Out
Surveillance Kit,SK TRBO 1-Wire,,,A16717,Scanned Out
Surveillance Kit,SK TRBO 1-Wire,,,A16670,Scanned Out
Surveillance Kit,SK TRBO 1-Wire,,,A7090,Scanned Out
Surveillance Kit,SK TRBO 1-Wire,,,A7505,Scanned Out
Surveillance Kit,SK TRBO 1-Wire,,,A12110,Scanned Out
Surveillance Kit,SK TRBO 1-Wire,,,A8981,Scanned Out
Surveillance Kit,SK TRBO 1-Wire,,,A16556,Scanned Out
Surveillance Kit,SK TRBO 1-Wire,,,A17471,Scanned Out
Surveillance Kit,SK TRBO 1-Wire,,,A18703,Scanned Out
Surveillance Kit,SK TRBO 1-Wire,,,A17058,Scanned Out
Surveillance Kit,SK TRBO 1-Wire,,,A17259,Scanned Out
Surveillance Kit,SK TRBO 1-Wire,,,A11928,Scanned Out
Surveillance Kit,SK TRBO 1-Wire,,,A11890,Scanned Out
Surveillance Kit,SK TRBO 1-Wire,,,A17447,Scanned Out
Surveillance Kit,SK TRBO 1-Wire,,,A18713,Scanned Out
Surveillance Kit,SK TRBO 1-Wire,,,A15552,Scanned Out
Surveillance Kit,SK TRBO 1-Wire,,,A8872,Scanned Out
Surveillance Kit,SK TRBO 1-Wire,,,A17305,Scanned Out
Surveillance Kit,SK TRBO 1-Wire,,,A16533,Scanned Out
Surveillance Kit,SK TRBO 1-Wire,,,A18724,Scanned Out
Surveillance Kit,SK TRBO 1-Wire,,,A17376,Scanned Out
Surveillance Kit,SK TRBO 1-Wire,,,A11958,Scanned Out
Surveillance Kit,SK TRBO 1-Wire,,,A3807,Scanned Out
Surveillance Kit,SK TRBO 1-Wire,,,A0499,Scanned Out
Surveillance Kit,SK TRBO 1-Wire,,,A7452,Scanned Out
Surveillance Kit,SK TRBO 1-Wire,,,A18701,Scanned Out
Surveillance Kit,SK TRBO 1-Wire,,,A12552,Scanned Out
Surveillance Kit,SK TRBO 1-Wire,,,A16581,Scanned Out
Surveillance Kit,SK TRBO 1-Wire,,,A5965,Scanned Out
Surveillance Kit,SK TRBO 1-Wire,,,A16684,Scanned Out
Surveillance Kit,SK TRBO 1-Wire,,,A9012,Scanned Out
Surveillance Kit,SK TRBO 1-Wire,,,A7985,Scanned Out
Surveillance Kit,SK TRBO 1-Wire,,,A2146,Scanned Out
Surveillance Kit,SK TRBO 1-Wire,,,A7671,Scanned Out
Surveillance Kit,SK TRBO 1-Wire,,,A18723,Scanned Out
Surveillance Kit,SK TRBO 1-Wire,,,A15559,Scanned Out
Surveillance Kit,SK TRBO 1-Wire,,,A12487,Scanned Out
Surveillance Kit,SK TRBO 1-Wire,,,A10557,Scanned Out
Surveillance Kit,SK TRBO 1-Wire,,,A17136,Scanned Out
Surveillance Kit,SK TRBO 1-Wire,,,A17131,Scanned Out
Surveillance Kit,SK TRBO 1-Wire,,,A17465,Scanned Out
Surveillance Kit,SK TRBO 1-Wire,,,A17220,Scanned Out
Surveillance Kit,SK TRBO 1-Wire,,,A17123,Scanned Out
Surveillance Kit,SK TRBO 1-Wire,,,A11435,Scanned Out
Surveillance Kit,SK TRBO 1-Wire,,,A17126,Scanned Out
Surveillance Kit,SK TRBO 1-Wire,,,A17249,Scanned Out
Surveillance Kit,SK TRBO 1-Wire,,,A11466,Scanned Out
Surveillance Kit,SK TRBO 1-Wire,,,A17429,Scanned Out
Surveillance Kit,SK TRBO 1-Wire,,,A18663,Scanned Out
Surveillance Kit,SK TRBO 1-Wire,,,A18708,Scanned Out
Surveillance Kit,SK TRBO 1-Wire,,,A15699,Scanned Out
Surveillance Kit,SK TRBO 1-Wire,,,A8996,Scanned Out
Surveillance Kit,SK TRBO 1-Wire,,,A17373,Scanned Out
Surveillance Kit,SK TRBO 1-Wire,,,A15401,Scanned Out
Surveillance Kit,SK TRBO 1-Wire,,,A12322,Scanned Out
Surveillance Kit,SK TRBO 1-Wire,,,Z0062,Scanned Out
Surveillance Kit,SK TRBO 1-Wire,,,A14777,Scanned Out
Surveillance Kit,SK TRBO 1-Wire,,,A14680,Scanned Out
Surveillance Kit,SK TRBO 1-Wire,,,A17170,Scanned Out
Surveillance Kit,SK TRBO 1-Wire,,,A6988,Scanned Out
Surveillance Kit,SK TRBO 2-Wire,,,A9662,Scanned Out
Surveillance Kit,SK TRBO 2-Wire,,,A16980,Scanned Out
Surveillance Kit,SK TRBO 2-Wire,,,A16982,Scanned Out
Surveillance Kit,SK TRBO 2-Wire,,,A9625,Scanned Out
Surveillance Kit,SK TRBO 2-Wire,,,A17020,Scanned Out
Surveillance Kit,SK TRBO D-Ring,,,A8684,Scanned Out
Speaker Mic,SM TRBO,,,A17546,Scanned Out
Digital Radio,XPR4550,,038TMQ3887,,Scanned Out
Digital Radio,XPR4550,,038TMQ0320,,Scanned Out
Digital Radio,XPR4550,,038TNSB903,,Scanned Out
Digital Radio,XPR7550e,,871TTXB379,R6382,Scanned Out
Digital Radio,XPR7550e,,871TTFE229,R3395,Scanned Out
Digital Radio,XPR7550e,,871TSHC465,R2443,Scanned Out
Digital Radio,XPR7550e,,871TSPY944,R6589,Scanned Out
Digital Radio,XPR7550e,,871TYRN012,R26195,Scanned Out
Digital Radio,XPR7550e,,871TYK8460,R26192,Scanned Out
Digital Radio,XPR7550e,,871TTW1314,R6272,Scanned Out
Digital Radio,XPR7550e,,871TTY9697,R6743,Scanned Out
Digital Radio,XPR7550e,,871TVTC247,R12501,Scanned Out
Digital Radio,XPR7550e,,871TTY9842,R6846,Scanned Out
Digital Radio,XPR7550e,,871TVTC158,R12581,Scanned Out
Digital Radio,XPR7550e,,871TYK8428,R26215,Scanned Out
Digital Radio,XPR7550e,,871TTA5374,R3183,Scanned Out
Digital Radio,XPR7550e,,871TVTC597,R12644,Scanned Out
Digital Radio,XPR7550e,,871TVK8122,R12309,Scanned Out
Digital Radio,XPR7550e,,871TTXT462,R3808,Scanned Out
Digital Radio,XPR7550e,,871TTFD741,R3530,Scanned Out
Digital Radio,XPR7550e,,871TTY9816,R6817,Scanned Out
Digital Radio,XPR7550e,,871TSH8481,R2516,Scanned Out
Digital Radio,XPR7550e,,871TVDG286,R12117,Scanned Out
Digital Radio,XPR7550e,,871TYK9065,R26078,Scanned Out
Digital Radio,XPR7550e,,871TYK9109,R26065,Scanned Out
Digital Radio,XPR7550e,,871TTFE564,R3418,Scanned Out
Digital Radio,XPR7550e,,871TSR9822,R2702,Scanned Out
Digital Radio,XPR7550e,,871TVTC235,R12519,Scanned Out
Digital Radio,XPR7550e,,871TYK8538,R26221,Scanned Out
Digital Radio,XPR7550e,,871TYK9055,R26080,Scanned Out
Digital Radio,XPR7550e,,871TYK8809,R26142,Scanned Out
Digital Radio,XPR7550e,,871TTDL861,R7893,Scanned Out
Digital Radio,XPR7550e,,871tytp502,r28247,Scanned Out
Digital Radio,XPR7550e,,871TTXZ615,R3880,Scanned Out
Digital Radio,XPR7550e,,871TYK8663,R26245,Scanned Out
Digital Radio,XPR7550e,,871TVKG271,R12330,Scanned Out
Digital Radio,XPR7550e,,871TTY9782,R6770,Scanned Out
Digital Radio,XPR7550e,,871TTX8556,R3850,Scanned Out
Digital Radio,XPR7550e,,871TYK8749,R26030,Scanned Out
Digital Radio,XPR7550e,,871TSPY726,R2751,Scanned Out
Digital Radio,XPR7550e,,871TVTC390,R12760,Scanned Out
Digital Radio,XPR7550e,,871TYK8527,R26171,Scanned Out
Digital Radio,XPR7550e,,871TVKG426,R12377,Scanned Out
Digital Radio,XPR7550e,,871TYK9090,R26025,Scanned Out
Digital Radio,XPR7550e,,871TVK8227,R12217,Scanned Out
Digital Radio,XPR7550e,,871TVTC651,R23138,Scanned Out
Digital Radio,XPR7550e,,871TTXZ556,R3913,Scanned Out
Digital Radio,XPR7550e,,871TTXB293,R3855,Scanned Out
Digital Radio,XPR7550e,,871TYK9064,R26047,Scanned Out
Digital Radio,XPR7550e,,871TYF2G10,R26045,Scanned Out
Digital Radio,XPR7550e,,871TVTC844,R12587,Scanned Out
Digital Radio,XPR7550e,,871TTFD822,R3319,Scanned Out
Digital Radio,XPR7550e,,871TVTC250,R12672,Scanned Out
Digital Radio,XPR7550e,,871TTA2527,R7914,Scanned Out
Digital Radio,XPR7550e,,871TTW0535,R25877,Scanned Out
Digital Radio,XPR7550e,,871TYK9030,R26068,Scanned Out
Digital Radio,XPR7550e,,871TYH7239,R26040,Scanned Out
Digital Radio,XPR7550e,,871TVTC206,R12647,Scanned Out
Digital Radio,XPR7550e,,871TTXX781,R6318,Scanned Out
Digital Radio,XPR7550e,,871TYK8516,R26193,Scanned Out
Digital Radio,XPR7550e,,871TTF5664,R3174,Scanned Out
Digital Radio,XPR7550e,,871TWPU499,R22842,Scanned Out
Digital Radio,XPR7550e,,871TTW5773,R3766,Scanned Out
Digital Radio,XPR7550e,,871TTXX950,R3751,Scanned Out
Digital Radio,XPR7550e,,871TYK8784,R26151,Scanned Out
Digital Radio,XPR7550e,,871TYK8576,R26100,Scanned Out
Digital Radio,XPR7550e,,871TSHR823,R2753,Scanned Out
Digital Radio,XPR7550e,,871TTXT468,R3823,Scanned Out
Digital Radio,XPR7550e,,871TTA5787,R18908,Scanned Out
Digital Radio,XPR7550e,,871TUFW332,R14076,Scanned Out
Digital Radio,XPR7550e,,871TYK8691,R26219,Scanned Out
Digital Radio,XPR7550e,,871tsu6031,R3633,Scanned Out
Digital Radio,XPR7550e,,871TWPU332,R22840,Scanned Out
Digital Radio,XPR7550e,,871TVK8008,R12228,Scanned Out
Digital Radio,XPR7550e,,871TVK7459,R12216,Scanned Out
Digital Radio,XPR7550e,,871TYK8959,R26149,Scanned Out
Digital Radio,XPR7550e,,871TVKG401,R12282,Scanned Out
Digital Radio,XPR7550e,,871TYK8751,R24304,Scanned Out
Digital Radio,XPR7550e,,871TYK8797,R26139,Scanned Out
Digital Radio,XPR7550e,,871TYK8288,R24333,Scanned Out
Digital Radio,XPR7550e,,871TYK9063,R26138,Scanned Out
Digital Radio,XPR7550e,,871TTXT380,R6441,Scanned Out
Digital Radio,XPR7550e,,871TVTD357,R12577,Scanned Out
Digital Radio,XPR7550e,,871TYK8973,R26054,Scanned Out
Digital Radio,XPR7550e,,871TYK8930,R26050,Scanned Out
Digital Radio,XPR7550e,,871TVTC345,R12500,Scanned Out
Digital Radio,XPR7550e,,871TYK8856,R26031,Scanned Out
Digital Radio,XPR7550e,,871TTXT422,R14277,Scanned Out
Digital Radio,XPR7550e,,871TYK8883,R26089,Scanned Out
Digital Radio,XPR7550e,,871TYK8716,R26084,Scanned Out
Digital Radio,XPR7550e,,871TTXZ780,R6279,Scanned Out
Digital Radio,XPR7550e,,871TYK8971,R26127,Scanned Out
Digital Radio,XPR7550e,,871TTY9648,R6711,Scanned Out
Digital Radio,XPR7550e,,871TTXY009,R3762,Scanned Out
Digital Radio,XPR7550e,,871TTX8338,R3778,Scanned Out
Digital Radio,XPR7550e,,871TTXY020,R6431,Scanned Out
Digital Radio,XPR7550e,,871TTX8381,R3878,Scanned Out
Digital Radio,XPR7550e,,871TTW0251,R25850,Scanned Out
Digital Radio,XPR7550e,,871tytp600,r28160,Scanned Out
Digital Radio,XPR7550e,,871tytp782,r28236,Scanned Out
Digital Radio,XPR7550e,,871tytp726,r28114,Scanned Out
Digital Radio,XPR7550e,,871TYRQ647,R26278,Scanned Out
Digital Radio,XPR7550e,,871tytp424,r28104,Scanned Out
Digital Radio,XPR7550e,,871tytp607,r28072,Scanned Out
Digital Radio,XPR7550e,,871TTFE504,R3258,Scanned Out
Digital Radio,XPR7550e,,871TTXX896,R3759,Scanned Out
Digital Radio,XPR7550e,,871tytp472,r28133,Scanned Out
Digital Radio,XPR7550e,,871TVTC344,R12688,Scanned Out
Digital Radio,XPR7550e,,871TYTP793,r28125,Scanned Out
Digital Radio,XPR7550e,,871TVK7368,R12327,Scanned Out
Digital Radio,XPR7550e,,871tytp354,r28112,Scanned Out
Digital Radio,XPR7550e,,871TTY9843,R6756,Scanned Out
Digital Radio,XPR7550e,,871tymv031,r28266,Scanned Out
Digital Radio,XPR7550e,,871TYTP277,R28306,Scanned Out
Digital Radio,XPR7550e,,871tyte770,r28088,Scanned Out
Digital Radio,XPR7550e,,871TYTP794,R28294,Scanned Out
Digital Radio,XPR7550e,,871tytp529,r28213,Scanned Out
Digital Radio,XPR7550e,,871TYK8845,R26053,Scanned Out
Digital Radio,XPR7550e,,871TYRN186,R26191,Scanned Out
Digital Radio,XPR7550e,,871tytp518,r28241,Scanned Out
Digital Radio,XPR7550e,,871tytp361,r28115,Scanned Out
Digital Radio,XPR7550e,,871tytp389,r28202,Scanned Out
Digital Radio,XPR7550e,,871TYK8548,R26116,Scanned Out
Digital Radio,XPR7550e,,871TTXY015,R6324,Scanned Out
Digital Radio,XPR7550e,,871tytp462,r28067,Scanned Out
Digital Radio,XPR7550e,,871tytp699,r28212,Scanned Out
Digital Radio,XPR7550e,,871tyte935,r28074,Scanned Out
Digital Radio,XPR7550e,,871tytp475,r28138,Scanned Out
Digital Radio,XPR7550e,,871tytp800,r28154,Scanned Out
Digital Radio,XPR7550e,,871tyte583,r28148,Scanned Out
Digital Radio,XPR7550e,,871TYK8258,R26036,Scanned Out
Digital Radio,XPR7550e,,871TTW6967,R3869,Scanned Out
Digital Radio,XPR7550e,,871tyrp560,r28147,Scanned Out
Digital Radio,XPR7550e,,871tyrq710,r28063,Scanned Out
Digital Radio,XPR7550e,,871tytp267,r28248,Scanned Out
Digital Radio,XPR7550e,,871tytp337,r28143,Scanned Out
Digital Radio,XPR7550e,,871TTXY067,R18922,Scanned Out
Digital Radio,XPR7550e,,871tytp415,r28189,Scanned Out
Digital Radio,XPR7550e,,871tytp704,r28216,Scanned Out
Digital Radio,XPR7550e,,871tymu947,r28264,Scanned Out
Digital Radio,XPR7550e,,871tytp515,r28250,Scanned Out
Digital Radio,XPR7550e,,871tytp501,r28132,Scanned Out
Digital Radio,XPR7550e,,871TTF5643,R3199,Scanned Out
Digital Radio,XPR7550e,,871tytp275,r28071,Scanned Out
Digital Radio,XPR7550e,,871tytp697,r28058,Scanned Out
Digital Radio,XPR7550e,,871tytp542,r28170,Scanned Out
Digital Radio,XPR7550e,,871tytp476,r28198,Scanned Out
Digital Radio,XPR7550e,,871TYTP776,R28300,Scanned Out
Digital Radio,XPR7550e,,871TYTP730,R28310,Scanned Out
Digital Radio,XPR7550e,,871tytp294,r28121,Scanned Out
Digital Radio,XPR7550e,,871tytp523,r28065,Scanned Out
Digital Radio,XPR7550e,,871tytp767,r28209,Scanned Out
Digital Radio,XPR7550e,,871TYTP612,R28299,Scanned Out
Digital Radio,XPR7550e,,871TYTE908,R28277,Scanned Out
Digital Radio,XPR7550e,,871TVTD551,R12569,Scanned Out
Digital Radio,XPR7550e,,871TYTP669,R28128,Scanned Out
Digital Radio,XPR7550e,,871tytp342,r28192,Scanned Out
Digital Radio,XPR7550e,,871tytp510,r28163,Scanned Out
Digital Radio,XPR7550e,,871tytp795,r28153,Scanned Out
Digital Radio,XPR7550e,,871TSPY785,R13916,Scanned Out
Digital Radio,XPR7550e,,871tytp737,r28200,Scanned Out
Digital Radio,XPR7550e,,871TSN4094,R7785,Scanned Out
Digital Radio,XPR7550e,,871tytp698,r28155,Scanned Out
Digital Radio,XPR7550e,,871TYTP688,R28305,Scanned Out
Digital Radio,XPR7550e,,871TTXT318,R18919,Scanned Out
Digital Radio,XPR7550e,,871tytp863,r28193,Scanned Out
Digital Radio,XPR7550e,,871tytp366,r28152,Scanned Out
Digital Radio,XPR7550e,,871TYK8896,R26087,Scanned Out
Digital Radio,XPR7550e,,871TTX8545,R6280,Scanned Out
Digital Radio,XPR7550e,,871tyte775,r28073,Scanned Out
Digital Radio,XPR7550e,,871TYK8936,R26046,Scanned Out
Digital Radio,XPR7550e,,871tytp771,r28244,Scanned Out
Digital Radio,XPR7550e,,871TYK8718,R26091,Scanned Out
Digital Radio,XPR7550e,,871tytp386,r28070,Scanned Out
Digital Radio,XPR7550e,,871tytp489,r28057,Scanned Out
Digital Radio,XPR7550e,,871tytf139,r28079,Scanned Out
Digital Radio,XPR7550e,,871TYK8451,R26141,Scanned Out
Digital Radio,XPR7550e,,871TTXX902,R6413,Scanned Out
Digital Radio,XPR7550e,,871TYK8626,R26059,Scanned Out
Digital Radio,XPR7550e,,871TYK8802,R26028,Scanned Out
Digital Radio,XPR7550e,,871TYK8922,R26088,Scanned Out
Digital Radio,XPR7550e,,871tytp274,r28134,Scanned Out
Digital Radio,XPR7550e,,871tytp412,r28059,Scanned Out
Digital Radio,XPR7550e,,871TTXT418,R14165,Scanned Out
Digital Radio,XPR7550e,,871TVKG103,R12424,Scanned Out
Digital Radio,XPR7550e,,871TYTP459,R28130,Scanned Out
Digital Radio,XPR7550e,,871tytp519,r28156,Scanned Out
Digital Radio,XPR7550e,,871tytp799,r28237,Scanned Out
Digital Radio,XPR7550e,,871tytp543,r28122,Scanned Out
Digital Radio,XPR7550e,,871TTW7366,R6281,Scanned Out
Digital Radio,XPR7550e,,871TTV7580,R6692,Scanned Out
Digital Radio,XPR7550e,,871TYTE942,R28280,Scanned Out
Digital Radio,XPR7550e,,871TTA2531,R7890,Scanned Out
Digital Radio,XPR7550e,,871TYK8251,R26294,Scanned Out
Digital Radio,XPR7550e,,871TYTP747,R28307,Scanned Out
Digital Radio,XPR7550e,,871TTY9695,R6759,Scanned Out
Digital Radio,XPR7550e,,871TTDX402,R3168,Scanned Out
Digital Radio,XPR7550e,,871TVTC233,R12544,Scanned Out
Digital Radio,XPR7550e,,871tytp328,r28124,Scanned Out
Digital Radio,XPR7550e,,871TVTC284,R12720,Scanned Out
Digital Radio,XPR7550e,,871TVTM119,R18910,Scanned Out
Digital Radio,XPR7550e,,871tytp668,r28215,Scanned Out
Digital Radio,XPR7550e,,871tytp284,r28120,Scanned Out
Digital Radio,XPR7550e,,871TVTC167,R12565,Scanned Out
Digital Radio,XPR7550e,,871TYK8316,R26295,Scanned Out
Digital Radio,XPR7550e,,871tymu893,r28271,Scanned Out
Digital Radio,XPR7550e,,871tytp482,r28251,Scanned Out
Repeater,XPR8400,,484TQE2652,R26964,Scanned Out
Repeater,XPR8400,,484TNW4262,R22507,Scanned Out
Repeater,XPR8400,,484TRL0002,R26965,Scanned Out